year,dispute,non_violent_crises,violent_crises,limited_wars,wars,total
2021,73,78,164,20,20,355
2020,69,70,180,19,21,359
2019,71,91,158,23,15,358
2018,68,83,173,25,16,365
2017,68,77,190,16,20,371
2016,77,72,188,21,18,376
2015,90,88,183,24,19,404
2014,97,88,181,25,19,410
2013,107,82,178,31,20,418
2012,99,85,177,25,19,405
2011,106,87,155,19,20,387
2010,95,108,139,22,6,370
2009,107,118,110,25,8,368
2008,82,130,102,30,9,353
2007,79,126,107,26,6,344
2006,72,114,104,30,6,326
2005,63,93,90,26,2,274
